iter	RMSE	RMSEWithUncertainty
0	8.964113031	3.549532162
1	8.347867774	3.435922265
2	7.802376902	3.335561757
3	7.32591879	3.236947593
4	6.908806574	3.14842848
5	6.548572926	3.079081204
6	6.234533507	3.008615825
7	5.968144245	2.949808506
8	5.737973303	2.901826363
9	5.537491099	2.854790668
10	5.368441395	2.814011393
11	5.222713867	2.781787221
12	5.069095377	2.745856081
13	4.937947886	2.715999779
14	4.826571422	2.691024601
15	4.730075021	2.663106152
16	4.650082682	2.638025002
17	4.57956053	2.61967262
18	4.518000403	2.605125296
19	4.467839235	2.58883046
20	4.423860632	2.577079272
21	4.385385645	2.564153346
22	4.35310951	2.551465928
23	4.323941661	2.543034021
24	4.295712416	2.534739031
25	4.273442084	2.528153893
26	4.251625995	2.521097867
27	4.232677993	2.512639686
28	4.216238628	2.507843224
29	4.198558602	2.504315503
30	4.189246733	2.498918533
31	4.179249171	2.496099626
32	4.164189386	2.49050531
33	4.157801366	2.485373416
34	4.143983023	2.478766968
35	4.134852268	2.473954157
36	4.122717848	2.4687811
37	4.115245203	2.464265185
38	4.109212205	2.459396323
39	4.10110296	2.456424443
40	4.094356707	2.443215049
41	4.08862934	2.434060169
42	4.087080783	2.431676243
43	4.07567663	2.428576934
44	4.069388701	2.426218989
45	4.061434272	2.423858271
46	4.055730235	2.416664307
47	4.04797225	2.414357305
48	4.03977433	2.41022499
49	4.032496062	2.406125518
50	4.025877912	2.404060966
51	4.019230125	2.400856415
52	4.012939446	2.399132988
53	4.008763723	2.393471381
54	4.003043268	2.390403893
55	3.999643826	2.387491713
56	3.995523034	2.382746338
57	3.991280377	2.381616703
58	3.98783284	2.376712663
59	3.98422259	2.373316604
60	3.978439699	2.371886277
61	3.974061271	2.369425718
62	3.970988293	2.366561561
63	3.965721606	2.364404612
64	3.96108916	2.36386439
65	3.95762447	2.361288955
66	3.953781674	2.360136257
67	3.949623676	2.358401882
68	3.945101827	2.355366506
69	3.940935264	2.355034286
70	3.937631372	2.352603212
71	3.934563183	2.350407729
72	3.9319335	2.347746319
73	3.930744927	2.346493488
74	3.927866239	2.34512797
75	3.923221091	2.343874117
76	3.920783353	2.341843576
77	3.917790345	2.340630739
78	3.915740951	2.338172516
79	3.913465356	2.335555772
80	3.911536844	2.333946782
81	3.908084398	2.332991723
82	3.904670619	2.332232696
83	3.90322215	2.330734933
84	3.901002265	2.328617979
85	3.899739587	2.327394341
86	3.898007248	2.325765062
87	3.895237323	2.324636594
88	3.892176817	2.322745159
89	3.888366491	2.32220698
90	3.885311092	2.320734031
91	3.883796623	2.318561026
92	3.881909022	2.317562761
93	3.878796153	2.31560024
94	3.875992012	2.314771733
95	3.873900008	2.313570574
96	3.873000268	2.312473927
97	3.870709351	2.31133962
98	3.868240332	2.310341063
99	3.866642922	2.308858772
100	3.866215566	2.308095512
101	3.86305408	2.307510332
102	3.862334732	2.306146566
103	3.860086342	2.305523435
104	3.858530951	2.304560201
105	3.856125451	2.303740453
106	3.854323976	2.302513895
107	3.85174835	2.300693984
108	3.850195354	2.300091579
109	3.848153507	2.299680537
110	3.846633364	2.29902938
111	3.843906162	2.298777588
112	3.842438282	2.297762828
113	3.841013163	2.297483302
114	3.83905951	2.296826452
115	3.837505335	2.295646312
116	3.836136981	2.295137619
117	3.8352092	2.294508649
118	3.833701134	2.293569208
119	3.832501901	2.292644655
120	3.831410643	2.291768709
121	3.829803817	2.291515895
122	3.828269829	2.291186887
123	3.826717985	2.29056682
124	3.824777791	2.289152842
125	3.822741918	2.288637142
126	3.821631526	2.286649369
127	3.820646583	2.286400058
128	3.819367735	2.285963326
129	3.816926998	2.285090153
130	3.815331365	2.284276973
131	3.813857385	2.283923734
132	3.812513164	2.283652966
133	3.811532146	2.282852485
134	3.810252997	2.282244534
135	3.808324498	2.281835244
136	3.807554481	2.281323777
137	3.807020346	2.280860187
138	3.805425469	2.280382438
139	3.805198232	2.279541671
140	3.804025776	2.279230178
141	3.802766979	2.278339344
142	3.801398716	2.277581923
143	3.800682446	2.276962441
144	3.799795179	2.276395944
145	3.798859751	2.276030736
146	3.797928398	2.275548316
147	3.796724786	2.274609021
148	3.795851206	2.273061337
149	3.794380123	2.272927924
150	3.793866294	2.272514108
151	3.792351487	2.27212321
152	3.791298416	2.271398924
153	3.789537767	2.271068309
154	3.78859765	2.270424742
155	3.787742697	2.270171052
156	3.786520736	2.269581493
157	3.785620279	2.26929102
158	3.784058813	2.268219479
159	3.78299726	2.267398855
160	3.781940349	2.266065596
161	3.781177467	2.2657144
162	3.781046367	2.26416803
163	3.780257665	2.264070232
164	3.778965767	2.26366824
165	3.778271206	2.263053575
166	3.776581632	2.262856812
167	3.775082779	2.262686469
168	3.773740837	2.262214851
169	3.772935907	2.261757537
170	3.772263298	2.26144838
171	3.770929952	2.260999679
172	3.770216257	2.260804229
173	3.769155297	2.260708183
174	3.768237365	2.260302834
175	3.768116042	2.260013966
176	3.767771264	2.259492719
177	3.766098373	2.25913948
178	3.765077348	2.258363084
179	3.763271075	2.257413279
180	3.762778446	2.256790002
181	3.761089829	2.256603018
182	3.760625016	2.256295759
183	3.760365726	2.255994776
184	3.759645522	2.255810566
185	3.75898498	2.2555017
186	3.758222876	2.254924402
187	3.757429228	2.254655532
188	3.756334503	2.254274267
189	3.755173844	2.253968321
190	3.754030869	2.253888185
191	3.753368562	2.253492908
192	3.752206052	2.253334534
193	3.75034999	2.253086391
194	3.749040933	2.252718847
195	3.74795435	2.252311308
196	3.747522184	2.251852973
